<?xml version="1.0" encoding="iso-8859-1"?>
<!DOCTYPE metadata SYSTEM "http://www.fgdc.gov/metadata/fgdc-std-001-1998.dtd" []>
<metadata>
	<idinfo>
		<citation>
			<citeinfo>
				<origin>New Jersey Office of Information Technology (NJOIT), Office of Geographic Information Systems (OGIS)</origin>
				<pubdate>20120106</pubdate>
				<title>Counties of New Jersey, New Jersey State Plane NAD83</title>
				<geoform>vector digital data</geoform>
				<pubinfo>
					<pubplace>Trenton, NJ</pubplace>
					<publish>New Jersey Office of Information Technology (NJOIT), Office of Geographic Information Systems (OGIS)</publish>
				</pubinfo>
				<ftname Sync="TRUE">nj_counties</ftname>
				<onlink>http://njgin.state.nj.us/oit/gis/download/bounds_nj_shp.zip</onlink>
			</citeinfo>
		</citation>
		<descript>
			<abstract>This data set is a spatial representation of counties in New Jersey developed by the New Jersey Office of Information Technology (OIT), Office of Geographic Information Systems (OGIS).  It is not a survey document and should not be used as such.  The polygons delineated in this data set do not represent legal boundaries.

This data set improves upon previous versions of county boundaries through the integration of coincident features from several high quality source data sets, as a component of the OGIS statewide Parcels Normalization Project concluded in March 2010.  Updates continue to be made as necessary.</abstract>
			<purpose>To provide basic jurisdictional information.  This data set was developed to produce the most accurate delineation of county boundaries achievable from existing data sources.</purpose>
			<supplinf>Spatially referenced data were derived from the following GIS data sets to build the municipal boundaries this data set is aggregated from.  They include:

Delaware Geological Survey - New Jersey/Delaware boundary data
New Jersey Department of Agriculture, State Agricultural Development Committee, Farmland Preservation Program - preserved farmland boundary data from property surveys
New Jersey Department of Environmental Protection, Green Acres Program - open space boundary data from property surveys
New Jersey Department of Environmental Protection, Bureau of Geographic Information Systems - New Jersey/New York boundary data for Ellis Island
New Jersey Department of Environmental Protection, Bureau of Geographic Information Systems - hydro (stream) centerline data
New Jersey Department of Environmental Protection, Bureau of Geographic Information Systems - land use/landcover data
New Jersey Department of Environmental Protection, Bureau of Geographic Information Systems - municipal boundaries data from US Geological Survey topographic maps
New Jersey Department of Environmental Protection, New Jersey Geological Survey - New Jersey/New York boundary data for the northern border of New Jersey, and New Jersey/New York boundary data through Shooters Island off the shoreline of Bayonne
New Jersey Department of Transportation - road centerline data
New Jersey Office of Information Technology, Office of Geographic Information Systems - New Jersey/Pennsylvania boundary data, and river and bay outlet data
Various county or municipal agencies - State-certified digital tax map data and digital parcel data</supplinf>
			<langdata>en</langdata>
		</descript>
		<timeperd>
			<timeinfo>
				<sngdate>
					<caldate>20120106</caldate>
				</sngdate>
			</timeinfo>
			<current>ground condition</current>
		</timeperd>
		<status>
			<progress>Complete</progress>
			<update>As needed</update>
		</status>
		<spdom>
			<bounding>
				<westbc>
-75.587089</westbc>
				<eastbc>
-73.899178</eastbc>
				<northbc>
41.357794</northbc>
				<southbc>
38.924577</southbc>
			</bounding>
			<lboundng>
				<leftbc Sync="TRUE">193684.745025</leftbc>
				<rightbc Sync="TRUE">657059.678181</rightbc>
				<bottombc Sync="TRUE">34945.754154</bottombc>
				<topbc Sync="TRUE">919549.443276</topbc>
			</lboundng>
		</spdom>
		<keywords>
			<theme>
				<themekt>ISO 19115 Topic Category</themekt>
				<themekey>boundaries</themekey>
			</theme>
			<theme>
				<themekt>NJGIN</themekt>
				<themekey>njfw_boundaries</themekey>
			</theme>
			<theme>
				<themekt>None</themekt>
				<themekey>county</themekey>
				<themekey>counties</themekey>
				<themekey>boundary</themekey>
				<themekey>boundaries</themekey>
			</theme>
			<place>
				<placekt>None</placekt>
				<placekey>New Jersey</placekey>
				<placekey>NJ</placekey>
				<placekey>Atlantic County</placekey>
				<placekey>Bergen County</placekey>
				<placekey>Burlington County</placekey>
				<placekey>Camden County</placekey>
				<placekey>Cape May County</placekey>
				<placekey>Cumberland County</placekey>
				<placekey>Essex County</placekey>
				<placekey>Gloucester County</placekey>
				<placekey>Hudson County</placekey>
				<placekey>Hunterdon County</placekey>
				<placekey>Mercer County</placekey>
				<placekey>Middlesex County</placekey>
				<placekey>Monmouth County</placekey>
				<placekey>Morris County</placekey>
				<placekey>Ocean County</placekey>
				<placekey>Passaic County</placekey>
				<placekey>Salem County</placekey>
				<placekey>Somerset County</placekey>
				<placekey>Sussex County</placekey>
				<placekey>Union County</placekey>
				<placekey>Warren County</placekey>
				<placekey>USA</placekey>
			</place>
			<temporal>
				<tempkt>None</tempkt>
				<tempkey>2008</tempkey>
				<tempkey>2009</tempkey>
				<tempkey>2010</tempkey>
				<tempkey>2011</tempkey>
				<tempkey>2012</tempkey>
			</temporal>
		</keywords>
		<accconst>None</accconst>
		<useconst>This data set is not a survey document and should not be used as such.  The polygons delineated in this data set do not represent legal boundaries.

Acknowledgement of the data set provider, the New Jersey Office of Information Technology, Office of Geographic Information Systems (NJOIT-OGIS), would be appreciated for maps, data or other products derived from this data set.

For all data contained herein, the New Jersey Office of Information Technology, Office of Geographic Information Systems makes no representations of any kind, including, but not limited to, the warranties of merchantability or fitness for a particular use, nor are any such warranties to be implied with respect to the digital data layers furnished hereunder.  The New Jersey Office of Information Technology, Office of Geographic Information Systems assumes no responsibility to maintain them in any manner or form.</useconst>
		<ptcontac>
			<cntinfo>
				<cntorgp>
					<cntorg>NJ Office of Information Technology (NJOIT), Office of Geographic Information Systems (OGIS)</cntorg>
					<cntper>Douglas M. Schleifer</cntper>
				</cntorgp>
				<cntpos>GIS Specialist</cntpos>
				<cntaddr>
					<addrtype>mailing address</addrtype>
					<address>PO Box 212</address>
					<city>Trenton</city>
					<state>NJ</state>
					<postal>08625-0212</postal>
					<country>USA</country>
				</cntaddr>
				<cntvoice>(609) 984-7544</cntvoice>
				<cntfax>(609) 633-0400</cntfax>
				<cntemail>doug.schleifer@oit.state.nj.us</cntemail>
				<hours>M-F 9-4</hours>
			</cntinfo>
		</ptcontac>
		<datacred>Delaware Geological Survey - New Jersey/Delaware boundary data
New Jersey Department of Agriculture, State Agricultural Development Committee, Farmland Preservation Program - preserved farmland boundary data from property surveys
New Jersey Department of Environmental Protection, Green Acres Program - open space boundary data from property surveys
New Jersey Department of Environmental Protection, Bureau of Geographic Information Systems - New Jersey/New York boundary data for Ellis Island
New Jersey Department of Environmental Protection, Bureau of Geographic Information Systems - hydro (stream) centerline data
New Jersey Department of Environmental Protection, Bureau of Geographic Information Systems - land use/landcover data
New Jersey Department of Environmental Protection, Bureau of Geographic Information Systems - municipal boundaries data from US Geological Survey topographic maps
New Jersey Department of Environmental Protection, New Jersey Geological Survey - New Jersey/New York boundary data for the northern border of New Jersey, and New Jersey/New York boundary data through Shooters Island off the shoreline of Bayonne
New Jersey Department of Transportation - road centerline data
New Jersey Office of Information Technology, Office of Geographic Information Systems - New Jersey/Pennsylvania boundary data, and river and bay outlet data
Various county or municipal agencies - State-certified digital tax map data and digital parcel data
New Jersey Office of Information Technology, Office of Geographic Information Systems - municipal boundaries (lines) and municipalities (polygons) data</datacred>
		<secinfo>
			<secsys>NJGIN</secsys>
			<secclass>public</secclass>
			<sechandl>no special handling required</sechandl>
		</secinfo>
		<native>Microsoft Windows XP Version 5.1 (Build 2600) Service Pack 3; ESRI ArcCatalog 9.3.1.1850</native>
		<natvform>Shapefile</natvform>
	</idinfo>
	<dataqual>
		<attracc>
			<attraccr>The ACRES and SQ_MILES fields were recalculated based on SHAPE_AREA.  In addition, POPDEN2010, POPDEN2000, POPDEN1990, and POPDEN1980 were recalculated based on the updated number of square miles in the SQ_MILES field.  Attributes for Geographical Naming Information System (GNIS) codes and names were thoroughly reviewed in collaboration with Bureau of Geographic Names - US Geological Survey and US Census Bureau representatives.  No formal accuracy testing was performed to qualify or validate attribute data.  All other attribute information was carried over from the most current NJDEP county boundaries (stco) layer and is assumed correct.</attraccr>
		</attracc>
		<logic>Counties were aggregated from the NJOIT-OGIS Municipalities of New Jersey (nj_munis) data set using the DISSOLVE command in ArcGIS ArcInfo 9.3.1.</logic>
		<complete>Complete</complete>
		<posacc>
			<horizpa>
				<horizpar>Horizontal positional accuracy used to generate county boundaries varies by source data used to create the NJOIT-OGIS Municipalities of New Jersey (nj_munis) data set, from which county boundaries were originally aggregated.  No formal horizontal positional accuracy testing was performed to qualify or validate these data.  Data were visually inspected.</horizpar>
			</horizpa>
		</posacc>
		<lineage>
			<srcinfo>
				<srccite>
					<citeinfo>
						<origin>New Jersey Department of Environmental Protection (NJDEP), Office of Information Resources Management (OIRM), Bureau of Geographic Information Systems (BGIS)</origin>
						<pubdate>200606</pubdate>
						<title>NJDEP 2002 Streams Update for New Jersey (DRAFTS)</title>
						<geoform>vector digital data</geoform>
						<pubinfo>
							<pubplace>Trenton, NJ</pubplace>
							<publish>New Jersey Department of Environmental Protection (NJDEP), Office of Information Resources Management (OIRM), Bureau of Geographic Information Systems (BGIS)</publish>
						</pubinfo>
						<onlink>http://www.nj.gov/dep/gis/hydro02shp.html</onlink>
					</citeinfo>
				</srccite>
				<srcscale>2400</srcscale>
				<typesrc>online</typesrc>
				<srctime>
					<timeinfo>
						<sngdate>
							<caldate>2002</caldate>
						</sngdate>
					</timeinfo>
					<srccurr>ground condition</srccurr>
				</srctime>
				<srccitea>hydro</srccitea>
				<srccontr>New Jersey Department of Environmental Protection, Bureau of Geographic Information Systems hydro (stream) centerline data.</srccontr>
			</srcinfo>
			<srcinfo>
				<srccite>
					<citeinfo>
						<origin>New Jersey Department of Transportation (NJDOT), Geographic Information Systems (GIS)</origin>
						<pubdate>20070423</pubdate>
						<title>NJ_Roadway_Network</title>
						<geoform>vector digital data</geoform>
						<pubinfo>
							<pubplace>Trenton, NJ</pubplace>
							<publish>New Jersey Department of Transportation (NJDOT), Geographic Information Systems (GIS)</publish>
						</pubinfo>
						<onlink>http://www.nj.gov/transportation/gis/data.shtm</onlink>
					</citeinfo>
				</srccite>
				<srcscale>2400</srcscale>
				<typesrc>online</typesrc>
				<srctime>
					<timeinfo>
						<sngdate>
							<caldate>2006</caldate>
						</sngdate>
					</timeinfo>
					<srccurr>ground condition</srccurr>
				</srctime>
				<srccitea>roads</srccitea>
				<srccontr>New Jersey Department of Transportation road centerline data.</srccontr>
			</srcinfo>
			<srcinfo>
				<srccite>
					<citeinfo>
						<origin>NJDEP Green Acres Program</origin>
						<pubdate>200610</pubdate>
						<title>Green Acres Open Space</title>
						<geoform>vector digital data</geoform>
						<pubinfo>
							<pubplace>Trenton, NJ</pubplace>
							<publish>NJDEP Green Acres Program</publish>
						</pubinfo>
						<onlink>none</onlink>
					</citeinfo>
				</srccite>
				<srcscale>unknown</srcscale>
				<typesrc>electronic mail system</typesrc>
				<srctime>
					<timeinfo>
						<sngdate>
							<caldate>2006</caldate>
						</sngdate>
					</timeinfo>
					<srccurr>publication date</srccurr>
				</srctime>
				<srccitea>greenacres</srccitea>
				<srccontr>New Jersey Department of Environmental Protection, Green Acres Program open space boundary data from property surveys.</srccontr>
			</srcinfo>
			<srcinfo>
				<srccite>
					<citeinfo>
						<origin>NJ Department of Agriculture SADC Preserved Farmland Program</origin>
						<pubdate>200705</pubdate>
						<title>SADC Preserved Farmland</title>
						<geoform>vector digital data</geoform>
						<pubinfo>
							<pubplace>Trenton, NJ</pubplace>
							<publish>NJ Department of Agriculture SADC Preserved Farmland Program</publish>
						</pubinfo>
						<onlink>none</onlink>
					</citeinfo>
				</srccite>
				<srcscale>unknown</srcscale>
				<typesrc>electronic mail system</typesrc>
				<srctime>
					<timeinfo>
						<sngdate>
							<caldate>200705</caldate>
						</sngdate>
					</timeinfo>
					<srccurr>ground condition</srccurr>
				</srctime>
				<srccitea>SADC</srccitea>
				<srccontr>New Jersey Department of Agriculture, State Agricultural Development Committee, Farmland Preservation Program preserved farmland boundary data from property surveys.</srccontr>
			</srcinfo>
			<srcinfo>
				<srccite>
					<citeinfo>
						<origin>New Jersey Department of Environmental Protection (NJDEP), Office of Information Resources Management (OIRM), Bureau of Geographic Information Systems (BGIS)</origin>
						<pubdate>20070206</pubdate>
						<title>2002 Landuse/Landcover by Watershed Management Area (WMA)</title>
						<geoform>vector digital data</geoform>
						<pubinfo>
							<pubplace>Trenton, NJ</pubplace>
							<publish>New Jersey Department of Environmental Protection (NJDEP), Office of Information Resources Management (OIRM), Bureau of Geographic Information Systems (BGIS)</publish>
						</pubinfo>
						<onlink>http://www.nj.gov/dep/gis/lulc02shp.html</onlink>
					</citeinfo>
				</srccite>
				<srcscale>12000</srcscale>
				<typesrc>online</typesrc>
				<srctime>
					<timeinfo>
						<sngdate>
							<caldate>2002</caldate>
						</sngdate>
					</timeinfo>
					<srccurr>ground condition</srccurr>
				</srctime>
				<srccitea>LULC</srccitea>
				<srccontr>New Jersey Department of Environmental Protection, Bureau of Geographic Information Systems land use/landcover data.</srccontr>
			</srcinfo>
			<srcinfo>
				<srccite>
					<citeinfo>
						<origin>New Jersey Department of Environmental Protection, New Jersey Geological Survey</origin>
						<pubdate>2007</pubdate>
						<title>New Jersey Department of Environmental Protection, New Jersey Geological Survey New Jersey/New York boundary data</title>
						<geoform>vector digital data</geoform>
						<pubinfo>
							<pubplace>West Trenton, NJ</pubplace>
							<publish>New Jersey Department of Environmental Protection, New Jersey Geological Survey</publish>
						</pubinfo>
						<onlink>none</onlink>
					</citeinfo>
				</srccite>
				<srcscale>unknown</srcscale>
				<typesrc>electronic mail system</typesrc>
				<srctime>
					<timeinfo>
						<sngdate>
							<caldate>2007</caldate>
						</sngdate>
					</timeinfo>
					<srccurr>publication date</srccurr>
				</srctime>
				<srccitea>NJGS</srccitea>
				<srccontr>New Jersey Department of Environmental Protection, New Jersey Geological Survey data of the New Jersey/New York boundary for the northern border of New Jersey from boundary marker survey points, or the New Jersey/New York boundary through Shooters Island off the shoreline of Bayonne from turning points through the Kill Van Kull.</srccontr>
			</srcinfo>
			<srcinfo>
				<srccite>
					<citeinfo>
						<origin>Delaware Geological Survey</origin>
						<pubdate>200401</pubdate>
						<title>2002 Delaware State Outline (line)</title>
						<geoform>vector digital data</geoform>
						<pubinfo>
							<pubplace>Newark, DE</pubplace>
							<publish>Delaware Geological Survey</publish>
						</pubinfo>
						<onlink>http://www.state.de.us/planning/info/outline.htm</onlink>
					</citeinfo>
				</srccite>
				<srcscale>unknown</srcscale>
				<typesrc>online</typesrc>
				<srctime>
					<timeinfo>
						<sngdate>
							<caldate>1935</caldate>
						</sngdate>
					</timeinfo>
					<srccurr>ground condition</srccurr>
				</srctime>
				<srccitea>DGS</srccitea>
				<srccontr>Delaware Geological Survey New Jersey/Delaware boundary delineated from descriptions in a 1934-1935 Court Decree of the US Supreme Court.</srccontr>
			</srcinfo>
			<srcinfo>
				<srccite>
					<citeinfo>
						<origin>NJ Department of Environmental Protection (NJDEP), Office of Information Resources Management (OIRM), Bureau of Geographic Information Systems (BGIS)</origin>
						<pubdate>1999</pubdate>
						<title>Ellis Island: New Jersey/New York Jurisdictional Boundary Line</title>
						<geoform>vector digital data</geoform>
						<pubinfo>
							<pubplace>Trenton, NJ</pubplace>
							<publish>NJ Department of Environmental Protection (NJDEP), Office of Information Resources Management (OIRM), Bureau of Geographic Information Systems (BGIS)</publish>
						</pubinfo>
						<onlink>none</onlink>
					</citeinfo>
				</srccite>
				<srcscale>unknown</srcscale>
				<typesrc>electronic mail system</typesrc>
				<srctime>
					<timeinfo>
						<sngdate>
							<caldate>1857</caldate>
						</sngdate>
					</timeinfo>
					<srccurr>ground condition</srccurr>
				</srctime>
				<srccitea>Ellis Island</srccitea>
				<srccontr>New Jersey Department of Environmental Protection, Bureau of Geographic Information Systems data representing the New Jersey/New York boundary for Ellis Island delineated from an 1857 US Coast Survey Map.</srccontr>
			</srcinfo>
			<srcinfo>
				<srccite>
					<citeinfo>
						<origin>NJ Department of Environmental Protection (NJDEP), Office of Information Resources Management (OIRM), Bureau of Geographic Information Systems (BGIS)</origin>
						<pubdate>20071114</pubdate>
						<title>NJDEP Municipality Boundaries for the State of New Jersey</title>
						<geoform>vector digital data</geoform>
						<pubinfo>
							<pubplace>Trenton, NJ</pubplace>
							<publish>NJ Department of Environmental Protection (NJDEP), Office of Information Resources Management (OIRM), Bureau of Geographic Information Systems (BGIS)</publish>
						</pubinfo>
						<onlink>http://www.state.nj.us/dep/gis/digidownload/zips/statewide/stmun.zip</onlink>
					</citeinfo>
				</srccite>
				<srcscale>24000</srcscale>
				<typesrc>online</typesrc>
				<srctime>
					<timeinfo>
						<rngdates>
							<begdate>1987</begdate>
							<enddate>200801</enddate>
						</rngdates>
					</timeinfo>
					<srccurr>publication date</srccurr>
				</srctime>
				<srccitea>NJDEP munis</srccitea>
				<srccontr>New Jersey Department of Environmental Protection, Bureau of Geographic Information Systems municipal boundaries spatial data digitized from various US Geological Survey topographic maps.</srccontr>
			</srcinfo>
			<srcinfo>
				<srccite>
					<citeinfo>
						<origin>United States Board on Geographic Names, United State Geological Survey</origin>
						<pubdate>200804</pubdate>
						<title>Domestic Names - State and Topical Gazetteer Download Files</title>
						<geoform>tabular digital data</geoform>
						<pubinfo>
							<pubplace>Reston, VA</pubplace>
							<publish>United States Board on Geographic Names, United State Geological Survey</publish>
						</pubinfo>
						<onlink>http://geonames.usgs.gov/domestic/download_data.htm</onlink>
					</citeinfo>
				</srccite>
				<srcscale>not applicable</srcscale>
				<typesrc>online</typesrc>
				<srctime>
					<timeinfo>
						<sngdate>
							<caldate>200804</caldate>
						</sngdate>
					</timeinfo>
					<srccurr>publication date</srccurr>
				</srctime>
				<srccitea>GNIS</srccitea>
				<srccontr>United States Board on Geographic Names, United State Geological Survey GNIS civil codes and names</srccontr>
			</srcinfo>
			<srcinfo>
				<srccite>
					<citeinfo>
						<origin>New Jersey Office of Information Technology (NJOIT), Office of Geographic Information Systems (OGIS)</origin>
						<pubdate>20100309</pubdate>
						<title>Municipalities of New Jersey, New Jersey State Plane NAD83</title>
						<geoform>vector digital data</geoform>
						<pubinfo>
							<pubplace>Trenton, NJ</pubplace>
							<publish>New Jersey Office of Information Technology (NJOIT), Office of Geographic Information Systems (OGIS)</publish>
						</pubinfo>
						<onlink>http://njgin.state.nj.us</onlink>
					</citeinfo>
				</srccite>
				<srcscale>various</srcscale>
				<typesrc>online</typesrc>
				<srctime>
					<timeinfo>
						<sngdate>
							<caldate>20080520</caldate>
						</sngdate>
					</timeinfo>
					<srccurr>ground condition</srccurr>
				</srctime>
				<srccitea>nj_munis</srccitea>
				<srccontr>NJOIT-OGIS Municipalities of New Jersey (nj_munis).</srccontr>
			</srcinfo>
			<srcinfo>
				<srccite>
					<citeinfo>
						<origin>NJ Department of Environmental Protection (NJDEP), Office of Information Resources Management (OIRM), Bureau of Geographic Information Systems (BGIS)</origin>
						<pubdate>20030123</pubdate>
						<title>NJDEP County Boundaries for the State of New Jersey</title>
						<geoform>vector digital data</geoform>
						<pubinfo>
							<pubplace>Trenton, NJ</pubplace>
							<publish>NJ Department of Environmental Protection (NJDEP), Office of Information Resources Management (OIRM), Bureau of Geographic Information Systems (BGIS)</publish>
						</pubinfo>
						<onlink>http://www.nj.gov/dep/gis/digidownload/metadata/statewide/stco.htm</onlink>
					</citeinfo>
				</srccite>
				<srcscale>24000</srcscale>
				<typesrc>online</typesrc>
				<srctime>
					<timeinfo>
						<rngdates>
							<begdate>1987</begdate>
							<enddate>20030123</enddate>
						</rngdates>
					</timeinfo>
					<srccurr>publication date</srccurr>
				</srctime>
				<srccitea>NJDEP counties</srccitea>
				<srccontr>New Jersey Department of Environmental Protection, Bureau of Geographic Information Systems county boundaries data (stco) aggregated from New Jersey Department of Environmental Protection, Bureau of Geographic Information Systems county boundaries data (stmun).</srccontr>
			</srcinfo>
			<procstep>
				<procdesc>New Jersey Department of Environmental Protection, Bureau of Geographic Information Systems hydro (stream) centerline data were used as a primary data source.  These data were derived from New Jersey Office of Information Technology, Office of Geographic Information Systems 2002 orthophotography (+/-4 feet).  Hydro centerlines were integrated where known to be coincident with municipal boundaries as shown on municipal tax maps.</procdesc>
				<procdate>2007</procdate>
				<proccont>
					<cntinfo>
						<cntorgp>
							<cntorg>Civil Solutions</cntorg>
							<cntper>Steve Eckhardt</cntper>
						</cntorgp>
						<cntpos>GIS Client Manager</cntpos>
						<cntaddr>
							<addrtype>mailing address</addrtype>
							<address>800 S White Horse Pike, PO Box 579</address>
							<city>Hammonton</city>
							<state>NJ</state>
							<postal>08037-2019</postal>
							<country>USA</country>
						</cntaddr>
						<cntvoice>(800) 924-0482</cntvoice>
						<cntfax>(609) 704-8011</cntfax>
						<cntemail>seckh@arh-us.com</cntemail>
						<hours>8-5</hours>
					</cntinfo>
				</proccont>
				<procsv>ArcGIS ArcInfo 9.2</procsv>
			</procstep>
			<procstep>
				<procdesc>New Jersey Department of Transportation road centerlines data were used as a primary data source.  These data were derived from New Jersey Office of Information Technology, Office of Geographic Information Systems 2002 orthophotography (+/-4 feet).  Road centerlines were integrated where known to be coincident with municipal boundaries as shown on municipal tax maps.</procdesc>
				<procdate>2007</procdate>
				<proccont>
					<cntinfo>
						<cntorgp>
							<cntorg>Civil Solutions</cntorg>
							<cntper>Steve Eckhardt</cntper>
						</cntorgp>
						<cntpos>GIS Client Manager</cntpos>
						<cntaddr>
							<addrtype>mailing address</addrtype>
							<address>800 S White Horse Pike, PO Box 579</address>
							<city>Hammonton</city>
							<state>NJ</state>
							<postal>08037-2019</postal>
							<country>USA</country>
						</cntaddr>
						<cntvoice>(800) 924-0482</cntvoice>
						<cntfax>(609) 704-8011</cntfax>
						<cntemail>seckh@arh-us.com</cntemail>
						<hours>8-5</hours>
					</cntinfo>
				</proccont>
				<procsv>ArcGIS ArcInfo 9.2</procsv>
			</procstep>
			<procstep>
				<procdesc>New Jersey Department of Environmental Protection, Green Acres Program open space boundary data were used as a primary data source.  These data were derived from Green Acres open space property surveys.  Survey boundaries were integrated where known to be coincident with municipal boundaries as shown on municipal tax maps.</procdesc>
				<procdate>2007</procdate>
				<proccont>
					<cntinfo>
						<cntorgp>
							<cntorg>Civil Solutions</cntorg>
							<cntper>Steve Eckhardt</cntper>
						</cntorgp>
						<cntpos>GIS Client Manager</cntpos>
						<cntaddr>
							<addrtype>mailing address</addrtype>
							<address>800 S White Horse Pike, PO Box 579</address>
							<city>Hammonton</city>
							<state>NJ</state>
							<postal>08037-2019</postal>
							<country>USA</country>
						</cntaddr>
						<cntvoice>(800) 924-0482</cntvoice>
						<cntfax>(609) 704-8011</cntfax>
						<cntemail>seckh@arh-us.com</cntemail>
						<hours>8-5</hours>
					</cntinfo>
				</proccont>
				<procsv>ArcGIS ArcInfo 9.2</procsv>
			</procstep>
			<procstep>
				<procdesc>New Jersey Department of Agriculture, State Agricultural Development Committee, Farmland Preservation Program preserved farmland boundary data were used as a primary data source.  These data were derived from Farmland Preservation preserved farmland property surveys.  Survey and non-survey (some municipal boundary lines were not mapped as survey lines) boundaries were integrated where known to be coincident with municipal boundaries as shown on municipal tax maps.</procdesc>
				<procdate>2007</procdate>
				<proccont>
					<cntinfo>
						<cntorgp>
							<cntorg>Civil Solutions</cntorg>
							<cntper>Steve Eckhardt</cntper>
						</cntorgp>
						<cntpos>GIS Client Manager</cntpos>
						<cntaddr>
							<addrtype>mailing address</addrtype>
							<address>800 S White Horse Pike, PO Box 579</address>
							<city>Hammonton</city>
							<state>NJ</state>
							<postal>08037-2019</postal>
							<country>USA</country>
						</cntaddr>
						<cntvoice>(800) 924-0482</cntvoice>
						<cntfax>(609) 704-8011</cntfax>
						<cntemail>seckh@arh-us.com</cntemail>
						<hours>8-5</hours>
					</cntinfo>
				</proccont>
				<procsv>ArcGIS ArcInfo 9.2</procsv>
			</procstep>
			<procstep>
				<procdesc>New Jersey Department of Environmental Protection, Bureau of Geographic Information Systems land use/landcover data were used as a primary data source.  These data were derived from New Jersey Office of Information Technology, Office of Geographic Information Systems 2002 orthophotography (+/-4 feet).  Land use/landcover delineations were used to represent municipal boundaries coincident with shorelines.</procdesc>
				<procdate>2007</procdate>
				<proccont>
					<cntinfo>
						<cntorgp>
							<cntorg>Civil Solutions</cntorg>
							<cntper>Steve Eckhardt</cntper>
						</cntorgp>
						<cntpos>GIS Client Manager</cntpos>
						<cntaddr>
							<addrtype>mailing address</addrtype>
							<address>800 S White Horse Pike, PO Box 579</address>
							<city>Hammonton</city>
							<state>NJ</state>
							<postal>08037-2019</postal>
							<country>USA</country>
						</cntaddr>
						<cntvoice>(800) 924-0482</cntvoice>
						<cntfax>(609) 704-8011</cntfax>
						<cntemail>seckh@arh-us.com</cntemail>
						<hours>8-5</hours>
					</cntinfo>
				</proccont>
				<procsv>ArcGIS ArcInfo 9.2</procsv>
			</procstep>
			<procstep>
				<procdesc>New Jersey Department of Environmental Protection, New Jersey Geological Survey boundary data for the northern border of New Jersey and through Shooters Island, off the shoreline of Bayonne, were used as primary data sources.  Survey points were used to delineate the New Jersey/New York boundary for the northern border of the state.  Turning points through the Kill Van Kull were used to delineate the New Jersey/New York boundary through Shooters Island.</procdesc>
				<procdate>2007</procdate>
				<proccont>
					<cntinfo>
						<cntorgp>
							<cntorg>Civil Solutions</cntorg>
							<cntper>Steve Eckhardt</cntper>
						</cntorgp>
						<cntpos>GIS Client Manager</cntpos>
						<cntaddr>
							<addrtype>mailing address</addrtype>
							<address>800 S White Horse Pike, PO Box 579</address>
							<city>Hammonton</city>
							<state>NJ</state>
							<postal>08037-2019</postal>
							<country>USA</country>
						</cntaddr>
						<cntvoice>(800) 924-0482</cntvoice>
						<cntfax>(609) 704-8011</cntfax>
						<cntemail>seckh@arh-us.com</cntemail>
						<hours>8-5</hours>
					</cntinfo>
				</proccont>
				<procsv>ArcGIS ArcInfo 9.2</procsv>
			</procstep>
			<procstep>
				<procdesc>Delaware Geological Survey boundary data for segments of the New Jersey/Delaware border were used as a primary data source.  Boundary, boundary monument, and boundary reference monument positions were calculated at the 1934 mean low water line along the New Jersey shoreline from descriptions in a 1934/1935 United States Supreme Court Decree.  These data were used to represent municipal boundaries coincident with shorelines as shown on municipal tax maps.</procdesc>
				<procdate>2007</procdate>
				<proccont>
					<cntinfo>
						<cntorgp>
							<cntorg>Civil Solutions</cntorg>
							<cntper>Steve Eckhardt</cntper>
						</cntorgp>
						<cntpos>GIS Client Manager</cntpos>
						<cntaddr>
							<addrtype>mailing address</addrtype>
							<address>800 S White Horse Pike, PO Box 579</address>
							<city>Hammonton</city>
							<state>NJ</state>
							<postal>08037-2019</postal>
							<country>USA</country>
						</cntaddr>
						<cntvoice>(800) 924-0482</cntvoice>
						<cntfax>(609) 704-8011</cntfax>
						<cntemail>seckh@arh-us.com</cntemail>
						<hours>8-5</hours>
					</cntinfo>
				</proccont>
				<procsv>ArcGIS ArcInfo 9.2</procsv>
			</procstep>
			<procstep>
				<procdesc>New Jersey Department of Environmental Protection, Bureau of Geographic Information Systems data representing the New Jersey/New York boundary for Ellis Island were used as a primary data source.  These data were delineated from an 1857 United States Coast Survey Map.</procdesc>
				<procdate>2007</procdate>
				<proccont>
					<cntinfo>
						<cntorgp>
							<cntorg>Civil Solutions</cntorg>
							<cntper>Steve Eckhardt</cntper>
						</cntorgp>
						<cntpos>GIS Client Manager</cntpos>
						<cntaddr>
							<addrtype>mailing address</addrtype>
							<address>800 S White Horse Pike, PO Box 579</address>
							<city>Hammonton</city>
							<state>NJ</state>
							<postal>08037-2019</postal>
							<country>USA</country>
						</cntaddr>
						<cntvoice>(800) 924-0482</cntvoice>
						<cntfax>(609) 704-8011</cntfax>
						<cntemail>seckh@arh-us.com</cntemail>
						<hours>8-5</hours>
					</cntinfo>
				</proccont>
				<procsv>ArcGIS ArcInfo 9.2</procsv>
			</procstep>
			<procstep>
				<procdesc>State-certified digital tax map data were used as a primary data source.  State-certified digital tax map data is presumed to have a higher level of accuracy than digital parcel data.  These data were used to delineate municipal boundaries where they could not be derived from other primary data sources.</procdesc>
				<procdate>2008</procdate>
				<proccont>
					<cntinfo>
						<cntorgp>
							<cntorg>Civil Solutions</cntorg>
							<cntper>Steve Eckhardt</cntper>
						</cntorgp>
						<cntpos>GIS Client Manager</cntpos>
						<cntaddr>
							<addrtype>mailing address</addrtype>
							<address>800 S White Horse Pike, PO Box 579</address>
							<city>Hammonton</city>
							<state>NJ</state>
							<postal>08037-2019</postal>
							<country>USA</country>
						</cntaddr>
						<cntvoice>(800) 924-0482</cntvoice>
						<cntfax>(609) 704-8011</cntfax>
						<cntemail>seckh@arh-us.com</cntemail>
						<hours>8-5</hours>
					</cntinfo>
				</proccont>
				<procsv>ArcGIS ArcInfo 9.2</procsv>
			</procstep>
			<procstep>
				<procdesc>Digital parcel data were used to delineate municipal boundaries where they could not be derived from primary data sources.</procdesc>
				<procdate>2008</procdate>
				<proccont>
					<cntinfo>
						<cntorgp>
							<cntorg>Civil Solutions</cntorg>
							<cntper>Steve Eckhardt</cntper>
						</cntorgp>
						<cntpos>GIS Client Manager</cntpos>
						<cntaddr>
							<addrtype>mailing address</addrtype>
							<address>800 S White Horse Pike, PO Box 579</address>
							<city>Hammonton</city>
							<state>NJ</state>
							<postal>08037-2019</postal>
							<country>USA</country>
						</cntaddr>
						<cntvoice>(800) 924-0482</cntvoice>
						<cntfax>(609) 704-8011</cntfax>
						<cntemail>seckh@arh-us.com</cntemail>
						<hours>8-5</hours>
					</cntinfo>
				</proccont>
				<procsv>ArcGIS ArcInfo 9.2</procsv>
			</procstep>
			<procstep>
				<procdesc>Data delineated to connect shorelines across the outlet of a river to a bay or the ocean, or across the outlet of a bay to the ocean were developed for the project.  These data were interpreted from New Jersey Office of Information Technology, Office of Geographic Information Systems 2002 orthophotography (+/-4 feet).  Outlet delineations were integrated where known to be coincident with municipal boundaries as shown on municipal tax maps.</procdesc>
				<procdate>2008</procdate>
				<proccont>
					<cntinfo>
						<cntorgp>
							<cntorg>Civil Solutions</cntorg>
							<cntper>Steve Eckhardt</cntper>
						</cntorgp>
						<cntpos>GIS Client Manager</cntpos>
						<cntaddr>
							<addrtype>mailing address</addrtype>
							<address>800 S White Horse Pike, PO Box 579</address>
							<city>Hammonton</city>
							<state>NJ</state>
							<postal>08037-2019</postal>
							<country>USA</country>
						</cntaddr>
						<cntvoice>(800) 924-0482</cntvoice>
						<cntfax>(609) 704-8011</cntfax>
						<cntemail>seckh@arh-us.com</cntemail>
						<hours>8-5</hours>
					</cntinfo>
				</proccont>
				<procsv>ArcGIS ArcInfo 9.2</procsv>
			</procstep>
			<procstep>
				<procdesc>Data delineated to represent the centerline of the Delaware River were developed for the project.  An inventory of Delaware River islands with state jurisdiction was developed from information in "The Story Of New Jersey's Civil Boundaries 1606 - 1968" by John F. Snyder, Bureau of Geology and Topography, Trenton, New Jersey, 1969.  Using this information, a delineation was generated to represent the centerline of the Delaware River from the New Jersey/New York border to the 12 mile circle at the New Jersey/Delaware border.  
				
The delineation of the centerline of the Delaware River was generated by manually digitizing the river's visible shorelines, interpreted from New Jersey Office of Information Technology, Office of Geographic Information Systems 2002 orthophotography (+/-4 feet).  A centerline was generated from the shorelines utilizing the DUAL COLLAPSE command in ArcGIS ArcInfo 9.2.  Using the automated centerline as a guide, the final delineation was manually digitized to provide a smoother, more visually suitable centerline.
				
The centerline of the Delaware River represents the boundary between New Jersey and Pennsylvania.  These data were used to represent municipal boundaries coincident with the river centerline as shown on municipal tax maps.</procdesc>
				<procdate>2008</procdate>
				<proccont>
					<cntinfo>
						<cntorgp>
							<cntorg>Civil Solutions</cntorg>
							<cntper>Steve Eckhardt</cntper>
						</cntorgp>
						<cntpos>GIS Client Manager</cntpos>
						<cntaddr>
							<addrtype>mailing address</addrtype>
							<address>800 S White Horse Pike, PO Box 579</address>
							<city>Hammonton</city>
							<state>NJ</state>
							<postal>08037-2019</postal>
							<country>USA</country>
						</cntaddr>
						<cntvoice>(800) 924-0482</cntvoice>
						<cntfax>(609) 704-8011</cntfax>
						<cntemail>seckh@arh-us.com</cntemail>
						<hours>8-5</hours>
					</cntinfo>
				</proccont>
				<procsv>ArcGIS ArcInfo 9.2</procsv>
			</procstep>
			<procstep>
				<procdesc>Data adjusted from original New Jersey Department of Transportation road centerlines, or delineated from railroad lines or other photo-identifiable features, interpreted from New Jersey Office of Information Technology, Office of Geographic Information Systems 2002 orthophotography (+/-4 feet) were developed for the project.  These data were integrated where known to be coincident with municipal boundaries as shown on municipal tax maps.</procdesc>
				<procdate>2008</procdate>
				<proccont>
					<cntinfo>
						<cntorgp>
							<cntorg>Civil Solutions</cntorg>
							<cntper>Steve Eckhardt</cntper>
						</cntorgp>
						<cntpos>GIS Client Manager</cntpos>
						<cntaddr>
							<addrtype>mailing address</addrtype>
							<address>800 S White Horse Pike, PO Box 579</address>
							<city>Hammonton</city>
							<state>NJ</state>
							<postal>08037-2019</postal>
							<country>USA</country>
						</cntaddr>
						<cntvoice>(800) 924-0482</cntvoice>
						<cntfax>(609) 704-8011</cntfax>
						<cntemail>seckh@arh-us.com</cntemail>
						<hours>8-5</hours>
					</cntinfo>
				</proccont>
				<procsv>ArcGIS ArcInfo 9.2</procsv>
			</procstep>
			<procstep>
				<procdesc>New Jersey Department of Environmental Protection, Bureau of Geographic Information Systems municipality boundaries (stmun) data digitized from various United States Geological Survey topographic maps were integrated where there was a lack of available or adequate alternative source information and data.</procdesc>
				<procdate>2008</procdate>
				<proccont>
					<cntinfo>
						<cntorgp>
							<cntorg>Civil Solutions</cntorg>
							<cntper>Steve Eckhardt</cntper>
						</cntorgp>
						<cntpos>GIS Client Manager</cntpos>
						<cntaddr>
							<addrtype>mailing address</addrtype>
							<address>800 S White Horse Pike, PO Box 579</address>
							<city>Hammonton</city>
							<state>NJ</state>
							<postal>08037-2019</postal>
							<country>USA</country>
						</cntaddr>
						<cntvoice>(800) 924-0482</cntvoice>
						<cntfax>(609) 704-8011</cntfax>
						<cntemail>seckh@arh-us.com</cntemail>
						<hours>8-5</hours>
					</cntinfo>
				</proccont>
				<procsv>ArcGIS ArcInfo 9.2</procsv>
			</procstep>
			<procstep>
				<procdesc>A QAQC process was undertaken with County GIS Coordinators to review the draft data and report linework needing modification.  All counties, except for Middlesex, participated in this process.  Modifications were made in several of the counties.</procdesc>
				<procdate>200804</procdate>
				<proccont>
					<cntinfo>
						<cntorgp>
							<cntorg>Civil Solutions</cntorg>
							<cntper>Steve Eckhardt</cntper>
						</cntorgp>
						<cntpos>GIS Client Manager</cntpos>
						<cntaddr>
							<addrtype>mailing address</addrtype>
							<address>800 S White Horse Pike, PO Box 579</address>
							<city>Hammonton</city>
							<state>NJ</state>
							<postal>08037-2019</postal>
							<country>USA</country>
						</cntaddr>
						<cntvoice>(800) 924-0482</cntvoice>
						<cntfax>(609) 704-8011</cntfax>
						<cntemail>seckh@arh-us.com</cntemail>
						<hours>8-5</hours>
					</cntinfo>
				</proccont>
				<procsv>ArcGIS ArcInfo 9.2</procsv>
			</procstep>
			<procstep>
				<procdesc>A null value polygon sliver measuring approximately 0.5 square feet was removed from Burlington County.  It is assumed this data artifact developed during processing the municipalities data set, from which this data set was derived.  Four null value polygon slivers measuring approximately 5 square feet were removed from Ocean County.  It is assumed these data artifacts developed during use of the DISSOLVE command when converting the municipalities data set into counties.  The data set was visually checked for possible additional slivers and none were found.</procdesc>
				<procdate>20080627</procdate>
				<proccont>
					<cntinfo>
						<cntorgp>
							<cntorg>NJ Office of Information Technology (NJOIT), Office of Geographic Information Systems (OGIS)</cntorg>
							<cntper>Douglas M. Schleifer</cntper>
						</cntorgp>
						<cntpos>GIS Specialist</cntpos>
						<cntaddr>
							<addrtype>mailing address</addrtype>
							<address>PO Box 212</address>
							<city>Trenton</city>
							<state>NJ</state>
							<postal>08625-0212</postal>
							<country>USA</country>
						</cntaddr>
						<cntvoice>(609) 984-7544</cntvoice>
						<cntfax>(609) 633-0400</cntfax>
						<cntemail>doug.schleifer@oit.state.nj.us</cntemail>
						<hours>M-F 9-4</hours>
					</cntinfo>
				</proccont>
				<procsv>ArcGIS ArcInfo 9.2</procsv>
			</procstep>
			<procstep>
				<procdesc>As a component of the New Jersey Office of Information Technology, Office of GIS (OGIS) Parcels Normalization Project in 2008-2010, parcels boundaries were modified to match municipal, county and state boundaries data developed by OGIS in 2008 where those boundaries were coincident.  During this process, modifications were made to the municipal, county and state boundaries data sets to improve spatial and temporal accuracy where research was necessary to resolve boundary conflicts, and in areas where higher quality data became available subsequent to the 2008 boundaries data release.</procdesc>
				<procdate>201002</procdate>
				<proccont>
					<cntinfo>
						<cntorgp>
							<cntorg>Civil Solutions</cntorg>
							<cntper>Steve Eckhardt</cntper>
						</cntorgp>
						<cntpos>GIS Client Manager</cntpos>
						<cntaddr>
							<addrtype>mailing address</addrtype>
							<address>800 S White Horse Pike, PO Box 579</address>
							<city>Hammonton</city>
							<state>NJ</state>
							<postal>08037-2019</postal>
							<country>USA</country>
						</cntaddr>
						<cntvoice>(800) 924-0482</cntvoice>
						<cntfax>(609) 704-8011</cntfax>
						<cntemail>seckh@arh-us.com</cntemail>
						<hours>8-5</hours>
					</cntinfo>
				</proccont>
				<procsv>ArcGIS ArcInfo 9.3</procsv>
			</procstep>
			<procstep>
				<procdesc>Attributes were added to the attribute table.  The ACRES and SQ_MILES fields were recalculated based on SHAPE_AREA.  In addition, POPDEN2000, POPDEN1990, and POPDEN1980 were recalculated based on the updated number of square miles in the SQ_MILES field.  Attributes for Geographical Naming Information System (GNIS) codes and names were thoroughly reviewed in collaboration with GNIS-US Geological Survey and US Census Bureau representatives.  No formal accuracy testing was performed to qualify or validate attribute data.  All other attribute information was carried over from the most current NJDEP county boundaries (stco) data set and is assumed correct.</procdesc>
				<procdate>20100309</procdate>
				<proccont>
					<cntinfo>
						<cntorgp>
							<cntorg>NJ Office of Information Technology (NJOIT), Office of Geographic Information Systems (OGIS)</cntorg>
							<cntper>Douglas M. Schleifer</cntper>
						</cntorgp>
						<cntpos>GIS Specialist</cntpos>
						<cntaddr>
							<addrtype>mailing address</addrtype>
							<address>PO Box 212</address>
							<city>Trenton</city>
							<state>NJ</state>
							<postal>08625-0212</postal>
							<country>USA</country>
						</cntaddr>
						<cntvoice>(609) 984-7544</cntvoice>
						<cntfax>(609) 633-0400</cntfax>
						<cntemail>doug.schleifer@oit.state.nj.us</cntemail>
						<hours>M-F 9-4</hours>
					</cntinfo>
				</proccont>
				<procsv>ArcGIS ArcInfo 9.3</procsv>
			</procstep>
			<procstep>
				<procdesc>Supported by tax map documentation, a modification was made to the municipal and county boundary along the east shoreline of Osborne Pond between Bernards Township in Somerset County and Harding Township in Morris County.  The modification was made by the New Jersey Office of Information Technology, Office of GIS (OGIS) in consultation with both municipalities and counties.

It was reported by the US Census Bureau to OGIS in July 2010 that the delineation in the statewide municipal boundaries dataset was inconsistent with the municipal boundary submitted by Harding Township as part of the the Local Update of Census Addresses (LUCA) program.  It was subsequently determined that the cause for the incorrect statewide municipal boundaries delineation was an incorrect delineation of a parcel (Harding Township, Block 48.01 Lot 8) in the statewide composite of parcels data (for which the parcels data were used as source data for the municipal boundaries).  The west boundary of the parcel is a segment of the municipal boundary along the east shoreline of Osborne Pond.

The change to Block 48.01 Lot 8 necessitated a modification to four contiguous parcels (Harding Township, Block 48.01, Lots 4, 5, 7 and Block 52, Lot 2) in Harding Township along the east shoreline of Osborne Pond.  Since the west boundaries of Block 48.01, Lots 4, 5, 7 and Block 52, Lot 2 are also segments of the municipal boundary, the municipal boundary was modified to match the change to the parcels.

Two Bernards Township parcels (Block 804, Lot 17 and Block 1701, Lot 1) in the statewide composite of parcels data were also modified to be consistent with the change to the municipal boundary and Harding Township parcels.</procdesc>
				<procdate>201009</procdate>
				<proccont>
					<cntinfo>
						<cntorgp>
							<cntorg>Civil Solutions</cntorg>
							<cntper>Steve Eckhardt</cntper>
						</cntorgp>
						<cntpos>GIS Client Manager</cntpos>
						<cntaddr>
							<addrtype>mailing address</addrtype>
							<address>800 S White Horse Pike, PO Box 579</address>
							<city>Hammonton</city>
							<state>NJ</state>
							<postal>08037-2019</postal>
							<country>USA</country>
						</cntaddr>
						<cntvoice>(800) 924-0482</cntvoice>
						<cntfax>(609) 704-8011</cntfax>
						<cntemail>seckh@arh-us.com</cntemail>
						<hours>8-5</hours>
					</cntinfo>
				</proccont>
				<procsv>ArcGIS ArcInfo 9.3.1</procsv>
			</procstep>
			<procstep>
				<procdesc>An update to parcel boundaries in Marlboro Township in Monmouth County necessitated a change to the municipal boundary and the Monmouth/Middlesex County boundary.  The change also affected the boundaries of the adjacent municipalities of Aberdeen and Manalapan Townships in Monmouth County, and Old Bridge Township in Middlesex County.  The change was up to approximately 20 feet for Marlboro, Manalapan and Old Bridge Townships, and up to approximately 0.25 feet for Aberdeen Township.</procdesc>
				<procdate>201105</procdate>
				<proccont>
					<cntinfo>
						<cntorgp>
							<cntorg>Civil Solutions</cntorg>
							<cntper>Steve Eckhardt</cntper>
						</cntorgp>
						<cntpos>GIS Client Manager</cntpos>
						<cntaddr>
							<addrtype>mailing address</addrtype>
							<address>800 S White Horse Pike, PO Box 579</address>
							<city>Hammonton</city>
							<state>NJ</state>
							<postal>08037-2019</postal>
							<country>USA</country>
						</cntaddr>
						<cntvoice>(800) 924-0482</cntvoice>
						<cntfax>(609) 704-8011</cntfax>
						<cntemail>seckh@arh-us.com</cntemail>
						<hours>8-5</hours>
					</cntinfo>
				</proccont>
				<procsv>ArcGIS ArcInfo 10</procsv>
			</procstep>
			<procstep>
				<procdesc>An update was made to the Woodbridge Township municipal boundary which necessitated a change to the Middlesex County boundary.  The municipal and county boundary along the Arthur Kill was represented to extend out to the middle of the river to coincide with the state boundary.  However, the municipal and county boundary was changed to coincide with the shoreline, based on a preponderance of supporting information.  The Woodbridge Township boundary is described as the shoreline in The Story of New Jersey's Civil Boundaries 1606 - 1968.  Tax maps indicate that riparian grants were conveyed to a Pierhead Line extending out to the middle of the Arthur Kill, which approximates the state boundary and is likely the source of any ambiguity regarding the municipal and county boundary.  In addition, boundaries for all other municipalities in New Jersey along the Arthur Kill coincide with the shoreline.</procdesc>
				<procdate>201105</procdate>
				<proccont>
					<cntinfo>
						<cntorgp>
							<cntorg>Civil Solutions</cntorg>
							<cntper>Steve Eckhardt</cntper>
						</cntorgp>
						<cntpos>GIS Client Manager</cntpos>
						<cntaddr>
							<addrtype>mailing address</addrtype>
							<address>800 S White Horse Pike, PO Box 579</address>
							<city>Hammonton</city>
							<state>NJ</state>
							<postal>08037-2019</postal>
							<country>USA</country>
						</cntaddr>
						<cntvoice>(800) 924-0482</cntvoice>
						<cntfax>(609) 704-8011</cntfax>
						<cntemail>seckh@arh-us.com</cntemail>
						<hours>8-5</hours>
					</cntinfo>
				</proccont>
				<procsv>ArcGIS ArcInfo 10</procsv>
			</procstep>
			<procstep>
				<procdesc>Counties were aggregated from the NJOIT-OGIS Municipalities of New Jersey (nj_munis) data set using the DISSOLVE command in ArcGIS ArcInfo 9.3.  The COUNTY attribute field was input as the Dissolve_field.  Attribute fields from the previous version of nj_counties were added back to the attribute table.</procdesc>
				<procdate>201105</procdate>
				<proccont>
					<cntinfo>
						<cntorgp>
							<cntorg>NJ Office of Information Technology (NJOIT), Office of Geographic Information Systems (OGIS)</cntorg>
							<cntper>Douglas M. Schleifer</cntper>
						</cntorgp>
						<cntpos>GIS Specialist</cntpos>
						<cntaddr>
							<addrtype>mailing address</addrtype>
							<address>PO Box 212</address>
							<city>Trenton</city>
							<state>NJ</state>
							<postal>08625-0212</postal>
							<country>USA</country>
						</cntaddr>
						<cntvoice>(609) 984-7544</cntvoice>
						<cntfax>(609) 633-0400</cntfax>
						<cntemail>doug.schleifer@oit.state.nj.us</cntemail>
						<hours>M-F 9-4</hours>
					</cntinfo>
				</proccont>
				<procsv>ArcGIS ArcInfo 9.3</procsv>
			</procstep>
			<procstep>
				<procdesc>Due to county boundary changes, ACRES and SQ_MILES fields were recalculated based on SHAPE_AREA.  POPDEN2000, POPDEN1990, and POPDEN1980 were recalculated based on the updated square mile values.</procdesc>
				<procdate>201105</procdate>
				<proccont>
					<cntinfo>
						<cntorgp>
							<cntorg>NJ Office of Information Technology (NJOIT), Office of Geographic Information Systems (OGIS)</cntorg>
							<cntper>Douglas M. Schleifer</cntper>
						</cntorgp>
						<cntpos>GIS Specialist</cntpos>
						<cntaddr>
							<addrtype>mailing address</addrtype>
							<address>PO Box 212</address>
							<city>Trenton</city>
							<state>NJ</state>
							<postal>08625-0212</postal>
							<country>USA</country>
						</cntaddr>
						<cntvoice>(609) 984-7544</cntvoice>
						<cntfax>(609) 633-0400</cntfax>
						<cntemail>doug.schleifer@oit.state.nj.us</cntemail>
						<hours>M-F 9-4</hours>
					</cntinfo>
				</proccont>
				<procsv>ArcGIS ArcInfo 9.3</procsv>
			</procstep>
			<procstep>
				<procdesc>2010 population (POP2010) and population density (POPDEN2010) were added to the attribute table.  Population totals are from the 2010 US Census.  Population density totals were calculated using square mileage (SQ_MILES) totals from the attribute table.</procdesc>
				<procdate>20110606</procdate>
				<proccont>
					<cntinfo>
						<cntorgp>
							<cntorg>NJ Office of Information Technology (NJOIT), Office of Geographic Information Systems (OGIS)</cntorg>
							<cntper>Douglas M. Schleifer</cntper>
						</cntorgp>
						<cntpos>GIS Specialist</cntpos>
						<cntaddr>
							<addrtype>mailing address</addrtype>
							<address>PO Box 212</address>
							<city>Trenton</city>
							<state>NJ</state>
							<postal>08625-0212</postal>
							<country>USA</country>
						</cntaddr>
						<cntvoice>(609) 984-7544</cntvoice>
						<cntfax>(609) 633-0400</cntfax>
						<cntemail>doug.schleifer@oit.state.nj.us</cntemail>
						<hours>M-F 9-4</hours>
					</cntinfo>
				</proccont>
				<procsv>ArcGIS ArcInfo 9.3</procsv>
			</procstep>
			<procstep>
				<procdesc>An improvement was made to the municipal/county boundary between Pittsgrove Township in Salem County and Vineland in Cumberland County.  Segments sourced from parcel boundaries were replaced by an NJDEP hydro centerline segment and a 2007 NJOIT orthophoto delineated segment of a photo-identifiable water feature.  The affected municipal/county boundary segments are coincident with the eastern boundaries of block 2502, lots 5.01, 7.01 and 17 in Pittsgrove Township, Salem County, and the western boundaries of block 2601, lots 14-18, and block 2608, lot 1 in Vineland, Cumberland County.</procdesc>
				<procdate>20120103</procdate>
				<proccont>
					<cntinfo>
						<cntorgp>
							<cntorg>NJ Office of Information Technology (NJOIT), Office of Geographic Information Systems (OGIS)</cntorg>
							<cntper>Yelena Pikovskaya</cntper>
						</cntorgp>
						<cntpos>GIS Specialist</cntpos>
						<cntaddr>
							<addrtype>mailing address</addrtype>
							<address>PO Box 212</address>
							<city>Trenton</city>
							<state>NJ</state>
							<postal>08625-0212</postal>
							<country>USA</country>
						</cntaddr>
						<cntvoice>(609) 633-0420</cntvoice>
						<cntfax>(609) 633-0400</cntfax>
						<cntemail>yelena.pikovskaya@oit.state.nj.us</cntemail>
						<hours>M-F 9-4</hours>
					</cntinfo>
				</proccont>
				<procsv>ArcGIS ArcInfo 9.3.1</procsv>
			</procstep>
			<procstep>
				<procdesc>A correction was made to the municipal/county boundary between Clifton in Passaic County and Garfield Borough in Bergen County coincident with the centerline of the Passaic River, just south of the Garden State Parkway.  A boundary segment sourced from an NJDEP hydro centerline that did not represent the middle of the river was replaced by a segment through the middle of the river delineated from 2007 NJOIT orthophotos.</procdesc>
				<procdate>20120103</procdate>
				<proccont>
					<cntinfo>
						<cntorgp>
							<cntorg>NJ Office of Information Technology (NJOIT), Office of Geographic Information Systems (OGIS)</cntorg>
							<cntper>Yelena Pikovskaya</cntper>
						</cntorgp>
						<cntpos>GIS Specialist</cntpos>
						<cntaddr>
							<addrtype>mailing address</addrtype>
							<address>PO Box 212</address>
							<city>Trenton</city>
							<state>NJ</state>
							<postal>08625-0212</postal>
							<country>USA</country>
						</cntaddr>
						<cntvoice>(609) 633-0420</cntvoice>
						<cntfax>(609) 633-0400</cntfax>
						<cntemail>yelena.pikovskaya@oit.state.nj.us</cntemail>
						<hours>M-F 9-4</hours>
					</cntinfo>
				</proccont>
				<procsv>ArcGIS ArcInfo 9.3.1</procsv>
			</procstep>
			<procstep>
				<procdesc>Attribute values were re-calculated for area (ACREAGE and SQ_MILES) and 2010 population density (POPDEN2010).</procdesc>
				<procdate>20120103</procdate>
				<proccont>
					<cntinfo>
						<cntorgp>
							<cntorg>NJ Office of Information Technology (NJOIT), Office of Geographic Information Systems (OGIS)</cntorg>
							<cntper>Yelena Pikovskaya</cntper>
						</cntorgp>
						<cntpos>GIS Specialist</cntpos>
						<cntaddr>
							<addrtype>mailing address</addrtype>
							<address>PO Box 212</address>
							<city>Trenton</city>
							<state>NJ</state>
							<postal>08625-0212</postal>
							<country>USA</country>
						</cntaddr>
						<cntvoice>(609) 633-0420</cntvoice>
						<cntfax>(609) 633-0400</cntfax>
						<cntemail>yelena.pikovskaya@oit.state.nj.us</cntemail>
						<hours>M-F 9-4</hours>
					</cntinfo>
				</proccont>
				<procsv>ArcGIS ArcInfo 9.3.1</procsv>
			</procstep>
		</lineage>
	</dataqual>
	<spdoinfo>
		<direct>Vector</direct>
		<ptvctinf><esriterm Name="nj_counties"><efeatyp Sync="TRUE">Simple</efeatyp><efeageom code="4" Sync="TRUE"></efeageom><esritopo Sync="TRUE">FALSE</esritopo><efeacnt Sync="TRUE">21</efeacnt><spindex Sync="TRUE">TRUE</spindex><linrefer Sync="TRUE">FALSE</linrefer></esriterm></ptvctinf></spdoinfo>
	<spref>
		<horizsys>
			<planar>
				<planci>
					<plance>coordinate pair</plance>
					<coordrep>
						<absres>0.000328</absres>
						<ordres>0.000328</ordres>
					</coordrep>
					<plandu>survey feet</plandu>
				</planci>
			</planar>
			<geodetic>
				<horizdn>North American Datum of 1983</horizdn>
				<ellips>Geodetic Reference System 80</ellips>
				<semiaxis>6378137.000000</semiaxis>
				<denflat>298.257222</denflat>
			</geodetic>
			<cordsysn>
				<geogcsn>GCS_North_American_1983</geogcsn>
				<projcsn>NAD_1983_StatePlane_New_Jersey_FIPS_2900_Feet</projcsn>
			</cordsysn>
		</horizsys>
	</spref>
	<eainfo>
		<detailed Name="nj_counties">
			<enttyp>
				<enttypl>
nj_counties</enttypl>
				<enttypd>Counties of New Jersey</enttypd>
				<enttypds>NJ Office of Information Technology, Office of Geographic Information Systems</enttypds>
				<enttypt Sync="TRUE">Feature Class</enttypt>
				<enttypc Sync="TRUE">21</enttypc>
			</enttyp>
			<attr>
				<attrlabl Sync="TRUE">FID</attrlabl>
				<attalias Sync="TRUE">FID</attalias>
				<attrtype Sync="TRUE">OID</attrtype>
				<attwidth Sync="TRUE">4</attwidth>
				<atprecis Sync="TRUE">0</atprecis>
				<attscale Sync="TRUE">0</attscale>
				<attrdef Sync="TRUE">Internal feature number.</attrdef>
				<attrdefs Sync="TRUE">ESRI</attrdefs>
				<attrdomv>
					<udom Sync="TRUE">Sequential unique whole numbers that are automatically generated.</udom>
				</attrdomv>
			</attr>
			<attr>
				<attrlabl>COUNTY</attrlabl>
				<attrdef>county name (capital letters)</attrdef>
				<attrdefs>New Jersey Department of Environmental Protection, Bureau of Geographic Information Systems</attrdefs>
				<attrdomv>
					<udom>county name (capital letters)</udom>
				</attrdomv>
				<attalias Sync="TRUE">COUNTY</attalias>
				<attrtype Sync="TRUE">String</attrtype>
				<attwidth Sync="TRUE">10</attwidth>
				<atprecis Sync="TRUE">0</atprecis><attscale Sync="TRUE">0</attscale></attr>
			<attr>
				<attrlabl>CO</attrlabl>
				<attrdef>county abbreviation</attrdef>
				<attrdefs>New Jersey Department of Environmental Protection, Bureau of Geographic Information Systems</attrdefs>
				<attrdomv>
					<udom>county abbreviation</udom>
				</attrdomv>
				<attalias Sync="TRUE">CO</attalias>
				<attrtype Sync="TRUE">String</attrtype>
				<attwidth Sync="TRUE">3</attwidth>
				<atprecis Sync="TRUE">0</atprecis><attscale Sync="TRUE">0</attscale></attr>
			<attr>
				<attrlabl Sync="TRUE">COUNTY_LAB</attrlabl>
				<attalias Sync="TRUE">COUNTY_LAB</attalias>
				<attrtype Sync="TRUE">String</attrtype>
				<attwidth Sync="TRUE">20</attwidth>
				<attrdef>county name (for labels)</attrdef>
				<attrdefs>New Jersey Department of Environmental Protection, Bureau of Geographic Information Systems</attrdefs>
				<attrdomv>
					<udom>county name (for labels)</udom>
				</attrdomv>
				<atprecis Sync="TRUE">0</atprecis><attscale Sync="TRUE">0</attscale></attr>
			<attr>
				<attrlabl>GNIS_NAME</attrlabl>
				<attrdef>county name (GNIS)</attrdef>
				<attrdefs>Bureau of Geographic Names - United States Geological Survey</attrdefs>
				<attrdomv>
					<udom>county name (GNIS)</udom>
				</attrdomv>
				<attalias Sync="TRUE">GNIS_NAME</attalias>
				<attrtype Sync="TRUE">String</attrtype>
				<attwidth Sync="TRUE">20</attwidth>
				<atprecis Sync="TRUE">0</atprecis><attscale Sync="TRUE">0</attscale></attr>
			<attr>
				<attrlabl>GNIS</attrlabl>
				<attrdef>GNIS civil code</attrdef>
				<attrdefs>Bureau of Geographic Names - United States Geological Survey</attrdefs>
				<attrdomv>
					<codesetd>
						<codesetn>GNIS civil code</codesetn>
						<codesets>Bureau of Geographic Names - United States Geological Survey</codesets>
					</codesetd>
				</attrdomv>
				<attalias Sync="TRUE">GNIS</attalias>
				<attrtype Sync="TRUE">String</attrtype>
				<attwidth Sync="TRUE">8</attwidth>
				<atprecis Sync="TRUE">0</atprecis><attscale Sync="TRUE">0</attscale></attr>
			<attr>
				<attrlabl>FIPSSTCO</attrlabl>
				<attrdef>Federal Information Processing Standard (FIPS) state+county code</attrdef>
				<attrdefs>United States Census Bureau</attrdefs>
				<attrdomv>
					<codesetd>
						<codesetn>Federal Information Processing Standard (FIPS) state+county code</codesetn>
						<codesets>United States Census Bureau</codesets>
					</codesetd>
				</attrdomv>
				<attalias Sync="TRUE">FIPSSTCO</attalias>
				<attrtype Sync="TRUE">String</attrtype>
				<attwidth Sync="TRUE">5</attwidth>
				<atprecis Sync="TRUE">0</atprecis><attscale Sync="TRUE">0</attscale></attr>
			<attr>
				<attrlabl>FIPSCO</attrlabl>
				<attrdef>Federal Information Processing Standard (FIPS) county code</attrdef>
				<attrdefs>United States Census Bureau</attrdefs>
				<attrdomv>
					<codesetd>
						<codesetn>Federal Information Processing Standard (FIPS) county code</codesetn>
						<codesets>United States Census Bureau</codesets>
					</codesetd>
				</attrdomv>
				<attalias Sync="TRUE">FIPSCO</attalias>
				<attrtype Sync="TRUE">String</attrtype>
				<attwidth Sync="TRUE">2</attwidth>
				<atprecis Sync="TRUE">0</atprecis><attscale Sync="TRUE">0</attscale></attr>
			<attr>
				<attrlabl>ACRES</attrlabl>
				<attrdef>area of county in acres (calculated from square feet in attribute table)</attrdef>
				<attrdefs>NJ Office of Information Technology, Office of Geographic Information Systems</attrdefs>
				<attrdomv>
					<rdom>
						<rdommin>32982.76</rdommin>
						<rdommax>525009.47</rdommax>
						<attrunit>acres</attrunit>
					</rdom>
				</attrdomv>
				<attalias Sync="TRUE">ACRES</attalias>
				<attrtype Sync="TRUE">Double</attrtype>
				<attwidth Sync="TRUE">19</attwidth>
				<atprecis Sync="TRUE">0</atprecis><attscale Sync="TRUE">0</attscale></attr>
			<attr>
				<attrlabl>SQ_MILES</attrlabl>
				<attrdef>area of county in square miles (calculated from square feet in attribute table)</attrdef>
				<attrdefs>NJ Office of Information Technology, Office of Geographic Information Systems</attrdefs>
				<attrdomv>
					<rdom>
						<rdommin>51.53</rdommin>
						<rdommax>820.32</rdommax>
						<attrunit>square miles</attrunit>
					</rdom>
				</attrdomv>
				<attalias Sync="TRUE">SQ_MILES</attalias>
				<attrtype Sync="TRUE">Double</attrtype>
				<attwidth Sync="TRUE">19</attwidth>
				<atprecis Sync="TRUE">0</atprecis><attscale Sync="TRUE">0</attscale></attr>
			<attr>
				<attrlabl>POP2010</attrlabl>
				<attrdef>population in 2010</attrdef>
				<attrdefs>United States Census Bureau</attrdefs>
				<attrdomv>
					<udom>population in 2010</udom>
				</attrdomv>
				<attalias Sync="TRUE">POP2010</attalias>
				<attrtype Sync="TRUE">Integer</attrtype>
				<attwidth Sync="TRUE">9</attwidth>
				<atprecis Sync="TRUE">9</atprecis><attscale Sync="TRUE">0</attscale></attr>
			<attr>
				<attrlabl>POP2000</attrlabl>
				<attrdef>population in 2000</attrdef>
				<attrdefs>United States Census Bureau</attrdefs>
				<attrdomv>
					<udom>population in 2000</udom>
				</attrdomv>
				<attalias Sync="TRUE">POP2000</attalias>
				<attrtype Sync="TRUE">Integer</attrtype>
				<attwidth Sync="TRUE">9</attwidth>
				<atprecis Sync="TRUE">9</atprecis><attscale Sync="TRUE">0</attscale></attr>
			<attr>
				<attrlabl>POP1990</attrlabl>
				<attrdef>population in 1990</attrdef>
				<attrdefs>United States Census Bureau</attrdefs>
				<attrdomv>
					<udom>population in 1990</udom>
				</attrdomv>
				<attalias Sync="TRUE">POP1990</attalias>
				<attrtype Sync="TRUE">Integer</attrtype>
				<attwidth Sync="TRUE">9</attwidth>
				<atprecis Sync="TRUE">9</atprecis><attscale Sync="TRUE">0</attscale></attr>
			<attr>
				<attrlabl>POP1980</attrlabl>
				<attrdef>population in 1980</attrdef>
				<attrdefs>United States Census Bureau</attrdefs>
				<attrdomv>
					<udom>population in 1980</udom>
				</attrdomv>
				<attalias Sync="TRUE">POP1980</attalias>
				<attrtype Sync="TRUE">Integer</attrtype>
				<attwidth Sync="TRUE">9</attwidth>
				<atprecis Sync="TRUE">9</atprecis><attscale Sync="TRUE">0</attscale></attr>
			<attr>
				<attrlabl>POPDEN2010</attrlabl>
				<attrdef>population density per square mile in 2010</attrdef>
				<attrdefs>NJ Office of Information Technology, Office of Geographic Information Systems</attrdefs>
				<attrdomv>
					<udom>population density per square mile in 2010</udom>
				</attrdomv>
				<attalias Sync="TRUE">POPDEN2010</attalias>
				<attrtype Sync="TRUE">Integer</attrtype>
				<attwidth Sync="TRUE">9</attwidth>
				<atprecis Sync="TRUE">9</atprecis><attscale Sync="TRUE">0</attscale></attr>
			<attr>
				<attrlabl>POPDEN2000</attrlabl>
				<attrdef>population density per square mile in 2000</attrdef>
				<attrdefs>NJ Office of Information Technology, Office of Geographic Information Systems</attrdefs>
				<attrdomv>
					<udom>population density per square mile in 2000</udom>
				</attrdomv>
				<attalias Sync="TRUE">POPDEN2000</attalias>
				<attrtype Sync="TRUE">Integer</attrtype>
				<attwidth Sync="TRUE">9</attwidth>
				<atprecis Sync="TRUE">9</atprecis><attscale Sync="TRUE">0</attscale></attr>
			<attr>
				<attrlabl>POPDEN1990</attrlabl>
				<attrdef>population density per square mile in 1990</attrdef>
				<attrdefs>NJ Office of Information Technology, Office of Geographic Information Systems</attrdefs>
				<attrdomv>
					<udom>population density per square mile in 1990</udom>
				</attrdomv>
				<attalias Sync="TRUE">POPDEN1990</attalias>
				<attrtype Sync="TRUE">Integer</attrtype>
				<attwidth Sync="TRUE">9</attwidth>
				<atprecis Sync="TRUE">9</atprecis><attscale Sync="TRUE">0</attscale></attr>
			<attr>
				<attrlabl>POPDEN1980</attrlabl>
				<attrdef>population density per square mile in 1980</attrdef>
				<attrdefs>NJ Office of Information Technology, Office of Geographic Information Systems</attrdefs>
				<attrdomv>
					<udom>population density per square mile in 1980</udom>
				</attrdomv>
				<attalias Sync="TRUE">POPDEN1980</attalias>
				<attrtype Sync="TRUE">Integer</attrtype>
				<attwidth Sync="TRUE">9</attwidth>
				<atprecis Sync="TRUE">9</atprecis><attscale Sync="TRUE">0</attscale></attr>
			<attr>
				<attrlabl>REGION</attrlabl>
				<attrdef>regions of New Jersey</attrdef>
				<attrdefs>United States Census Bureau</attrdefs>
				<attrdomv>
					<edom>
						<edomv>NORTHEASTERN</edomv>
						<edomvd>northeastern region of New Jersey</edomvd>
						<edomvds>United States Census Bureau</edomvds>
					</edom>
					<edom>
						<edomv>NORTHWESTERN</edomv>
						<edomvd>northwestern region of New Jersey</edomvd>
						<edomvds>United States Census Bureau</edomvds>
					</edom>
					<edom>
						<edomv>CENTRAL</edomv>
						<edomvd>central region of New Jersey</edomvd>
						<edomvds>United States Census Bureau</edomvds>
					</edom>
					<edom>
						<edomv>SOUTHERN</edomv>
						<edomvd>southern region of New Jersey</edomvd>
						<edomvds>United States Census Bureau</edomvds>
					</edom>
					<edom>
						<edomv>COASTAL</edomv>
						<edomvd>coastal region of New Jersey</edomvd>
						<edomvds>United States Census Bureau</edomvds>
					</edom>
				</attrdomv>
				<attalias Sync="TRUE">REGION</attalias>
				<attrtype Sync="TRUE">String</attrtype>
				<attwidth Sync="TRUE">254</attwidth>
				<atprecis Sync="TRUE">0</atprecis><attscale Sync="TRUE">0</attscale></attr>
			<attr>
				<attrlabl>SHAPE</attrlabl>
				<attrdef>Feature geometry.</attrdef>
				<attrdefs>ESRI</attrdefs>
				<attrdomv>
					<udom>Coordinates defining the features.</udom>
				</attrdomv>
				<attalias Sync="TRUE">Shape</attalias>
				<attrtype Sync="TRUE">Geometry</attrtype>
				<attwidth Sync="TRUE">0</attwidth>
				<atprecis Sync="TRUE">0</atprecis>
				<attscale Sync="TRUE">0</attscale>
			</attr>
			<attr>
				<attrlabl Sync="TRUE">Shape_Leng</attrlabl>
				<attalias Sync="TRUE">Shape_Leng</attalias>
				<attrtype Sync="TRUE">Double</attrtype>
				<attwidth Sync="TRUE">19</attwidth>
				<attrdef>Length of feature in internal units.</attrdef>
				<attrdefs>ESRI</attrdefs>
				<attrdomv>
					<udom>Positive real numbers that are automatically generated.</udom>
				</attrdomv>
				<atprecis Sync="TRUE">0</atprecis><attscale Sync="TRUE">0</attscale></attr>
			<attr>
				<attrlabl>SHAPE_Area</attrlabl>
				<attrdef>Area of feature in internal units squared.</attrdef>
				<attrdefs>ESRI</attrdefs>
				<attrdomv>
					<udom>Positive real numbers that are automatically generated.</udom>
				</attrdomv>
				<attalias Sync="TRUE">Shape_Area</attalias>
				<attrtype Sync="TRUE">Double</attrtype>
				<attwidth Sync="TRUE">19</attwidth>
				<atprecis Sync="TRUE">0</atprecis>
				<attscale Sync="TRUE">0</attscale>
			</attr>
		</detailed>
	</eainfo>
	<distinfo>
		<distrib>
			<cntinfo>
				<cntorgp>
					<cntorg>NJ Office of Information Technology (NJOIT), Office of Geographic Information Systems (OGIS)</cntorg>
					<cntper>Douglas M. Schleifer</cntper>
				</cntorgp>
				<cntpos>GIS Specialist</cntpos>
				<cntaddr>
					<addrtype>mailing address</addrtype>
					<address>PO Box 212</address>
					<city>Trenton</city>
					<state>NJ</state>
					<postal>08625-0212</postal>
					<country>USA</country>
				</cntaddr>
				<cntvoice>(609) 984-7544</cntvoice>
				<cntfax>(609) 633-0400</cntfax>
				<cntemail>doug.schleifer@oit.state.nj.us</cntemail>
				<hours>M-F 9-4</hours>
			</cntinfo>
		</distrib>
		<resdesc>Downloadable Data</resdesc>
		<distliab>Distribution Liability: The State of New Jersey provides this product "as is".  The State makes no guarantee or warranty concerning the accuracy of information contained in the data.  Also, the State makes no warranty, either expressed or implied, regarding the condition of the product or its fitness for any particular purpose.  The burden for determining fitness for use lies entirely with the user.  Although these data files have been processed successfully on computers at the State, no warranty is made by the State regarding the use of the data on any other system, nor does the fact of distribution constitute or imply such a warranty.</distliab>
		<stdorder>
			<digform>
				<digtinfo>
					<formname>Shapefile</formname>
					<formvern>ArcGIS 9.3</formvern>
					<transize Sync="TRUE">2.976</transize>
					<dssize Sync="TRUE">2.976</dssize>
				</digtinfo>
				<digtopt>
					<onlinopt>
						<computer>
							<networka>
								<networkr>http://njgin.state.nj.us/oit/gis/download/bounds_nj_shp.zip</networkr>
							</networka>
						</computer>
					</onlinopt>
				</digtopt>
			</digform>
			<fees>none</fees>
		</stdorder>
		<techpreq>An ESRI desktop mapping client is required for use, such as ArcMap.</techpreq>
		<availabl>
			<timeinfo>
				<sngdate>
					<caldate>20120106</caldate>
				</sngdate>
			</timeinfo>
		</availabl>
	</distinfo>
	<metainfo>
		<metd>20120106</metd>
		<metrd>20120106</metrd>
		<metc>
			<cntinfo>
				<cntorgp>
					<cntorg>NJ Office of Information Technology (NJOIT), Office of Geographic Information Systems (OGIS)</cntorg>
					<cntper>Douglas M. Schleifer</cntper>
				</cntorgp>
				<cntpos>GIS Specialist</cntpos>
				<cntaddr>
					<addrtype>mailing address</addrtype>
					<address>PO Box 212</address>
					<city>Trenton</city>
					<state>NJ</state>
					<postal>08625-0212</postal>
					<country>USA</country>
				</cntaddr>
				<cntvoice>(609) 984-7544</cntvoice>
				<cntfax>(609) 633-0400</cntfax>
				<cntemail>doug.schleifer@oit.state.nj.us</cntemail>
				<hours>M-F 9-4</hours>
			</cntinfo>
		</metc>
		<metstdn>FGDC Content Standards for Digital Geospatial Metadata</metstdn>
		<metstdv>FGDC-STD-001-1998</metstdv>
		<mettc>local time</mettc>
		<metac>none</metac>
		<metuc>none</metuc>
		<metsi>
			<metscs>NJGIN</metscs>
			<metsc>Public</metsc>
			<metshd>no special handling required</metshd>
		</metsi>
		<langmeta Sync="TRUE">en</langmeta>
	</metainfo>
	<Esri>
		<ModDate>20130319</ModDate>
		<ModTime>10223000</ModTime>
		<CreaDate>20120127</CreaDate>
		<CreaTime>09465200</CreaTime>
		<SyncOnce>FALSE</SyncOnce>
		<SyncDate>20130319</SyncDate>
		<SyncTime>10223000</SyncTime>
		<MetaID>{160EC187-B1D1-497C-97B7-569CD28C9A5F}</MetaID>
		<DataProperties><itemProps><itemName Sync="TRUE">nj_counties</itemName><imsContentType Sync="TRUE">002</imsContentType><nativeExtBox><westBL Sync="TRUE">193684.745025</westBL><eastBL Sync="TRUE">657059.678181</eastBL><southBL Sync="TRUE">34945.754154</southBL><northBL Sync="TRUE">919549.443276</northBL><exTypeCode Sync="TRUE">1</exTypeCode></nativeExtBox><itemSize Sync="TRUE">2.976</itemSize><itemLocation><linkage Sync="TRUE">file://\\blackriver\Staff\data_common\Boundaries\shapefiles\nj_counties.shp</linkage><protocol Sync="TRUE">Local Area Network</protocol></itemLocation></itemProps><coordRef><type Sync="TRUE">Projected</type><geogcsn Sync="TRUE">GCS_North_American_1983</geogcsn><csUnits Sync="TRUE">Linear Unit: Foot_US (0.304801)</csUnits><projcsn Sync="TRUE">NAD_1983_StatePlane_New_Jersey_FIPS_2900_Feet</projcsn><peXml Sync="TRUE">&lt;ProjectedCoordinateSystem xsi:type='typens:ProjectedCoordinateSystem' xmlns:xsi='http://www.w3.org/2001/XMLSchema-instance' xmlns:xs='http://www.w3.org/2001/XMLSchema' xmlns:typens='http://www.esri.com/schemas/ArcGIS/10.1'&gt;&lt;WKT&gt;PROJCS[&amp;quot;NAD_1983_StatePlane_New_Jersey_FIPS_2900_Feet&amp;quot;,GEOGCS[&amp;quot;GCS_North_American_1983&amp;quot;,DATUM[&amp;quot;D_North_American_1983&amp;quot;,SPHEROID[&amp;quot;GRS_1980&amp;quot;,6378137.0,298.257222101]],PRIMEM[&amp;quot;Greenwich&amp;quot;,0.0],UNIT[&amp;quot;Degree&amp;quot;,0.0174532925199433]],PROJECTION[&amp;quot;Transverse_Mercator&amp;quot;],PARAMETER[&amp;quot;False_Easting&amp;quot;,492125.0],PARAMETER[&amp;quot;False_Northing&amp;quot;,0.0],PARAMETER[&amp;quot;Central_Meridian&amp;quot;,-74.5],PARAMETER[&amp;quot;Scale_Factor&amp;quot;,0.9999],PARAMETER[&amp;quot;Latitude_Of_Origin&amp;quot;,38.83333333333334],UNIT[&amp;quot;Foot_US&amp;quot;,0.3048006096012192],AUTHORITY[&amp;quot;EPSG&amp;quot;,3424]]&lt;/WKT&gt;&lt;XOrigin&gt;-17954600&lt;/XOrigin&gt;&lt;YOrigin&gt;-46918100&lt;/YOrigin&gt;&lt;XYScale&gt;137255069.87923574&lt;/XYScale&gt;&lt;ZOrigin&gt;-100000&lt;/ZOrigin&gt;&lt;ZScale&gt;10000&lt;/ZScale&gt;&lt;MOrigin&gt;-100000&lt;/MOrigin&gt;&lt;MScale&gt;10000&lt;/MScale&gt;&lt;XYTolerance&gt;0.0032808333333333331&lt;/XYTolerance&gt;&lt;ZTolerance&gt;0.001&lt;/ZTolerance&gt;&lt;MTolerance&gt;0.001&lt;/MTolerance&gt;&lt;HighPrecision&gt;true&lt;/HighPrecision&gt;&lt;WKID&gt;102711&lt;/WKID&gt;&lt;LatestWKID&gt;3424&lt;/LatestWKID&gt;&lt;/ProjectedCoordinateSystem&gt;</peXml></coordRef></DataProperties></Esri>
	<distInfo>
		<distributor>
			<distorTran>
				<onLineSrc>
					<orDesc Sync="TRUE">002</orDesc>
				</onLineSrc>
			</distorTran>
		</distributor>
		<distFormat><formatName Sync="TRUE">Shapefile</formatName></distFormat><distTranOps><transSize Sync="TRUE">2.976</transSize></distTranOps></distInfo>
	<dataIdInfo><envirDesc Sync="TRUE">Microsoft Windows 7 Version 6.1 (Build 7601) Service Pack 1; Esri ArcGIS 10.1.1.3143</envirDesc><dataLang><languageCode value="eng" Sync="TRUE"></languageCode><countryCode value="USA" Sync="TRUE"></countryCode></dataLang><idCitation><resTitle Sync="TRUE">nj_counties</resTitle><presForm><PresFormCd value="005" Sync="TRUE"></PresFormCd></presForm></idCitation><spatRpType><SpatRepTypCd value="001" Sync="TRUE"></SpatRepTypCd></spatRpType><dataExt><geoEle><GeoBndBox esriExtentType="search"><exTypeCode Sync="TRUE">1</exTypeCode><westBL Sync="TRUE">-75.587089</westBL><eastBL Sync="TRUE">-73.899178</eastBL><northBL Sync="TRUE">41.357794</northBL><southBL Sync="TRUE">38.924577</southBL></GeoBndBox></geoEle></dataExt></dataIdInfo><mdLang><languageCode value="eng" Sync="TRUE"></languageCode><countryCode value="USA" Sync="TRUE"></countryCode></mdLang><mdChar><CharSetCd value="006" Sync="TRUE"></CharSetCd></mdChar><mdHrLv><ScopeCd value="005" Sync="TRUE"></ScopeCd></mdHrLv><mdHrLvName Sync="TRUE">dataset</mdHrLvName><refSysInfo><RefSystem><refSysID><identCode code="3424" Sync="TRUE"></identCode><idCodeSpace Sync="TRUE">EPSG</idCodeSpace><idVersion Sync="TRUE">7.11.2</idVersion></refSysID></RefSystem></refSysInfo><spatRepInfo><VectSpatRep><geometObjs Name="nj_counties"><geoObjTyp><GeoObjTypCd value="002" Sync="TRUE"></GeoObjTypCd></geoObjTyp><geoObjCnt Sync="TRUE">21</geoObjCnt></geometObjs><topLvl><TopoLevCd value="001" Sync="TRUE"></TopoLevCd></topLvl></VectSpatRep></spatRepInfo><mdDateSt Sync="TRUE">20130319</mdDateSt></metadata>
