<?xml version="1.0"?>
<!--<!DOCTYPE metadata SYSTEM "http://www.esri.com/metadata/esriprof80.dtd">-->
<metadata xml:lang="en"><Esri><CreaDate>20091201</CreaDate><CreaTime>02103800</CreaTime><SyncOnce>TRUE</SyncOnce><MetaID>{3AAE811D-75EC-4144-965F-CF05B72D78D3}</MetaID></Esri><idinfo><citation><citeinfo><onlink Sync="TRUE">\\5H070-9438\ProjectFiles\2009\BaseMaps\nev_final\110m\physical\WGS84 bounding box</onlink></citeinfo></citation></idinfo><distInfo><distributor><distorTran><onLineSrc><linkage Sync="TRUE">file://\\5H070-9438\ProjectFiles\2009\BaseMaps\nev_final\110m\physical\WGS84 bounding box</linkage><protocol Sync="TRUE">Local Area Network</protocol></onLineSrc></distorTran></distributor></distInfo><dataqual><lineage><procstep><procdesc Sync="TRUE">Dataset copied.</procdesc><srcused Sync="TRUE">C:\ProjectFiles\2009\BaseMaps\nev_final\50m\physical\WGS84 bounding box</srcused><procdate Sync="TRUE">20091201</procdate><proctime Sync="TRUE">02103800</proctime></procstep></lineage></dataqual></metadata>
